<template name="postEventComments" xmlns="http://ws.apache.org/ns/synapse">

    <!-- Required Parameters -->
    <parameter name="key" description="API key" />

    <!-- At least one of the required parameter must be supplied with the request-->
    <parameter name="comment" description="To post comments based on group_id" />
    <parameter name="event_id" description="The event related to this comment" />
    <parameter name="in_reply_to" description="If this comment is a reply, the ID of the comment being replied to" />

    <!-- Optional Parameters -->
    <parameter name="notifications" description="Notification control for authorized member on this comment thread" />

    <sequence>
        <property name="uri.var.key" expression="$func:key" />
        <property name="uri.var.comment" expression="$func:comment" />
        <property name="uri.var.event_id" expression="$func:event_id" />
        <property name="uri.var.in_reply_to" expression="$func:in_reply_to" />
        <property name="uri.var.notifications" expression="$func:notifications" />

        <script language="js">
            <![CDATA[

			var notifications = mc.getProperty('uri.var.notifications');

			if (notifications != null && notifications != "") {
				notifications = notifications;
			}
			else {
			    notifications = "off";
			}



			mc.setProperty('uri.var.notifications', notifications);

	 		]]>
        </script>



         <filter xpath="(get-property('uri.var.in_reply_to') = '')">

        <then>


                <payloadFactory media-type="xml">
                    <format>
                        <root>
                            <key>$1</key>
                            <comment>$2</comment>
                            <event_id>$3</event_id>
                            <notifications>$4</notifications>
                         </root>
                    </format>

                    <args>
                        <arg expression="get-property('uri.var.key')" />
                        <arg expression="get-property('uri.var.comment')" />
                        <arg expression="get-property('uri.var.event_id')" />
                        <arg expression="get-property('uri.var.notifications')" />

                    </args>



                </payloadFactory>

            </then>
            <else>
                <payloadFactory media-type="xml">
                    <format>
                        <root>
                            <key>$1</key>
                            <comment>$2</comment>
                            <event_id>$3</event_id>
                            <in_reply_to>$4</in_reply_to>
                            <notifications>$5</notifications>
                        </root>
                    </format>

                    <args>
                        <arg expression="get-property('uri.var.key')" />
                        <arg expression="get-property('uri.var.comment')" />
                        <arg expression="get-property('uri.var.event_id')" />
                        <arg expression="get-property('uri.var.in_reply_to')" />
                        <arg expression="get-property('uri.var.notifications')" />

                    </args>

                </payloadFactory>
            </else>
        </filter>




		<property name="messageType" scope="axis2" value="application/x-www-form-urlencoded" />
		<property name="DISABLE_CHUNKING" value="true" scope="axis2"></property>

        <log level="custom" xmlns="http://ws.apache.org/ns/synapse">
            <property name="string" expression="fn:concat('key - ', get-property('uri.var.key'))" />
        </log>
        <log level="custom" xmlns="http://ws.apache.org/ns/synapse">
            <property name="string" expression="fn:concat('in_reply_to - ', get-property('uri.var.in_reply_to'))"/>
        </log>
        <log level="custom" xmlns="http://ws.apache.org/ns/synapse">
            <property name="string" expression="fn:concat('notifications - ', get-property('uri.var.notifications'))"/>
        </log>

        <call>
			<endpoint>
				<http method="post"
					uri-template="{uri.var.apiUrl}/{uri.var.apiVersion}/event_comment" />
			</endpoint>
		</call>
		<!-- Remove response custom header information -->
		<header name="X-LI-UUID" scope="transport" action="remove" />
		<header name="X-Li-Fabric" scope="transport" action="remove" />
		<header name="x-li-request-id" scope="transport" action="remove" />
		<header name="X-Li-Pop" scope="transport" action="remove" />
		<header name="Set-Cookie" scope="transport" action="remove" />

	</sequence>
</template>
