<template name="getOpenEvents" xmlns="http://ws.apache.org/ns/synapse">

    <!-- Required Parameters -->
    <parameter name="key" description="API key" />
    <!-- Optional Parameters -->
    <parameter name="category_id" description="Comma delimited list of category ids to limit recommendations to." />
    <parameter name="city" description="To retrieve results based on city" />
    <parameter name="country" description="country" />
    <parameter name="fields" description="fields" />
    <parameter name="lat" description="To retrieve results based on city" />
    <parameter name="lon" description="To retrieve results based on city" />
    <parameter name="page_token" description="To retrieve results based on city" />
    <parameter name="radius" description="To retrieve results based on city" />
    <parameter name="self_groups" description="To retrieve results based on city" />
    <parameter name="state" description="To retrieve results based on city" />
    <parameter name="text_format" description="To retrieve results based on city" />
    <parameter name="time" description="To retrieve results based on city" />
    <parameter name="topic_id" description="To retrieve results based on city" />
    <parameter name="with_friends" description="To retrieve results based on city" />
    <parameter name="with_friends" description="To retrieve results based on city" />


    <sequence>
        <property name="uri.var.key" expression="$func:key" />
        <property name="uri.var.topic" expression="$func:topic" />



          <call>
            <endpoint>
                <http method="get"
                      uri-template="https://api.meetup.com/2/events?topic={uri.var.topic}&amp;key={uri.var.key}" />
            </endpoint>
        </call>


        <!-- Remove response custom header information -->
        <header name="x-li-format" scope="transport" action="remove" />
        <header name="X-LI-UUID" scope="transport" action="remove" />
        <header name="X-Li-Pop" scope="transport" action="remove" />
        <header name="X-Li-Fabric" scope="transport" action="remove" />
        <header name="x-li-request-id" scope="transport" action="remove" />
    </sequence>
</template>