<template name="getEventRating" xmlns="http://ws.apache.org/ns/synapse">

    <!-- Required Parameters -->
    <parameter name="key" description="API key" />

    <!-- At least one of the required parameter must be supplied with the request-->
    <parameter name="event_id" description="To retrieve results based on event id" />

    <!-- Optional Parameters -->
    <parameter name="member_id" description="To retrieve results based on member id" />
    <parameter name="page" description="To retrieve results based on page" />
    <parameter name="offset" description="To retrieve results based on text offset" />
    <parameter name="desc" description="To retrieve results based on desc" />
    <parameter name="only" description="To retrieve results based on text only" />
    <parameter name="omit" description="To retrieve results based on omit" />



    <sequence>
        <property name="uri.var.key" expression="$func:key" />
        <property name="uri.var.event_id" expression="$func:event_id" />
        <property name="uri.var.member_id" expression="$func:member_id" />
        <property name="uri.var.page" expression="$func:page" />
        <property name="uri.var.offset" expression="$func:offset" />
        <property name="uri.var.desc" expression="$func:desc" />
        <property name="uri.var.only" expression="$func:only" />
        <property name="uri.var.omit" expression="$func:omit" />
        <property name="uri.var.query" value="" />

        <script language="js">
            <![CDATA[

            var event_id = mc.getProperty('uri.var.event_id');
			var member_id = mc.getProperty('uri.var.member_id');
			var page = mc.getProperty('uri.var.page');
			var offset = mc.getProperty('uri.var.offset');
			var desc = mc.getProperty('uri.var.desc');
			var only = mc.getProperty('uri.var.only');
			var omit = mc.getProperty('uri.var.omit');
			var query = mc.getProperty('uri.var.query');


            if (event_id != null && event_id != "") {
				query = query + '&member_id=' + member_id;
			}

			if (member_id != null && member_id != "") {
				query = query + '&member_id=' + member_id;
			}

			if (page != null && page != "") {
				query = query + '&page=' + page;
			}

            if (offset != null && offset != "") {
				query = query + '&offset=' + offset;
			}

			if (desc != null && desc != "") {
				query = query + '&desc=' + desc;
			}

			if(only !=null && only != "") {
				query = query + '&only=' + only;
			}

			if (omit != null && omit != "") {
				query = query + '&omit=' + omit;
			}


			mc.setProperty('uri.var.query', query);

	 		]]>
        </script>


        <filter
                xpath="get-property('uri.var.key') = '' or not(string(get-property('uri.var.key')))">
            <then>
                <property name="uri.var.key" value="" />
            </then>
        </filter>





        <log level="custom" xmlns="http://ws.apache.org/ns/synapse">
            <property name="string" expression="fn:concat('key - ', get-property('uri.var.key'))" />
        </log>
        <log level="custom" xmlns="http://ws.apache.org/ns/synapse">
            <property name="string" expression="fn:concat('query - ', get-property('uri.var.query'))"/>
        </log>



        <call>
            <endpoint>
                <http method="get"
                      uri-template="{uri.var.apiUrl}/{uri.var.apiVersion}/event_ratings?key={uri.var.key}{uri.var.query}" />
            </endpoint>
        </call>


        <!-- Remove response custom header information -->
        <header name="x-li-format" scope="transport" action="remove" />
        <header name="X-LI-UUID" scope="transport" action="remove" />
        <header name="X-Li-Pop" scope="transport" action="remove" />
        <header name="X-Li-Fabric" scope="transport" action="remove" />
        <header name="x-li-request-id" scope="transport" action="remove" />
    </sequence>
</template>