<template name="getOpenEvents" xmlns="http://ws.apache.org/ns/synapse">

    <!-- Required Parameters -->
    <parameter name="key" description="API key" />
    <!-- Optional Parameters -->
    <parameter name="topic" description="To retrieve the topics." />

    <sequence>
        <property name="uri.var.key" expression="$func:key" />
        <property name="uri.var.topic" expression="$func:topic" />



          <call>
            <endpoint>
                <http method="get"
                      uri-template="https://api.meetup.com/2/open_events.xml?topic={uri.var.topic}&amp;key={uri.var.key}" />
            </endpoint>
        </call>


        <!-- Remove response custom header information -->
        <header name="x-li-format" scope="transport" action="remove" />
        <header name="X-LI-UUID" scope="transport" action="remove" />
        <header name="X-Li-Pop" scope="transport" action="remove" />
        <header name="X-Li-Fabric" scope="transport" action="remove" />
        <header name="x-li-request-id" scope="transport" action="remove" />
    </sequence>
</template>