<template name="getOpenEvents" xmlns="http://ws.apache.org/ns/synapse">

    <!-- Required Parameters -->
    <parameter name="key" description="API key" />
    <!-- Optional Parameters -->
    <parameter name="category_id" description="Comma delimited list of category ids to limit recommendations to." />
    <parameter name="city" description="To retrieve results based on city" />
    <parameter name="country" description="To retrieve results based on country" />
    <parameter name="fields" description="To retrieve results based on fields" />
    <parameter name="lat" description="To retrieve results based on lat" />
    <parameter name="lon" description="To retrieve results based on lon" />
    <parameter name="page_token" description="To retrieve results based on page_token" />
    <parameter name="radius" description="To retrieve results based on radius" />
    <parameter name="self_groups" description="To retrieve results based on self_groups" />
    <parameter name="state" description="To retrieve results based on state" />
    <parameter name="text_format" description="To retrieve results based on text_format" />
    <parameter name="time" description="To retrieve results based on time" />
    <parameter name="topic_id" description="To retrieve results based on topic_id" />
    <parameter name="with_friends" description="To retrieve results based on with_friends" />
    <parameter name="zip" description="To retrieve results based on zip" />


    <sequence>
        <property name="uri.var.key" expression="$func:key" />
        <property name="uri.var.category_id" expression="$func:category_id" />
        <property name="uri.var.city" expression="$func:city" />
        <property name="uri.var.country" expression="$func:country" />
        <property name="uri.var.fields" expression="$func:fields" />
        <property name="uri.var.lat" expression="$func:lat" />
        <property name="uri.var.lon" expression="$func:lon" />
        <property name="uri.var.topic" expression="$func:topic" />
        <property name="uri.var.page_token" expression="$func:page_token" />
        <property name="uri.var.radius" expression="$func:radius" />
        <property name="uri.var.self_groups" expression="$func:self_groups" />
        <property name="uri.var.state" expression="$func:state" />
        <property name="uri.var.text_format" expression="$func:text_format" />
        <property name="uri.var.page_token" expression="$func:page_token" />
        <property name="uri.var.time" expression="$func:time" />
        <property name="uri.var.topic_id" expression="$func:topic_id" />
        <property name="uri.var.with_friends" expression="$func:with_friends" />
        <property name="uri.var.zip" expression="$func:zip" />







        <call>
            <endpoint>
                <http method="get"
                      uri-template="https://api.meetup.com/2/events?topic={uri.var.topic}&amp;key={uri.var.key}" />
            </endpoint>
        </call>


        <!-- Remove response custom header information -->
        <header name="x-li-format" scope="transport" action="remove" />
        <header name="X-LI-UUID" scope="transport" action="remove" />
        <header name="X-Li-Pop" scope="transport" action="remove" />
        <header name="X-Li-Fabric" scope="transport" action="remove" />
        <header name="x-li-request-id" scope="transport" action="remove" />
    </sequence>
</template>