<?xml version="1.0" encoding="UTF-8"?>
<connector>
    <component name="meetup" package="org.wso2.carbon.connector" >
        <dependency component="helloWorld"/>
        <dependency component="meetup_config" />
        <dependency component="meetup_events"/>
        <dependency component="meetup_categories"/>
        <dependency component="batch"/>
        <dependency component="boards"/>
        <description>wso2 ESB Carbon connector library for Meetup</description>
    </component>
</connector>
